[{"family":"MaterialIcons","fonts":[{"asset":"fonts/MaterialIcons-Regular.otf"}]},{"family":"Pretendard","fonts":[{"weight":900,"asset":"assets/fonts/Pretendard-Black.ttf"},{"weight":800,"asset":"assets/fonts/Pretendard-ExtraBold.ttf"},{"weight":700,"asset":"assets/fonts/Pretendard-Bold.ttf"},{"weight":600,"asset":"assets/fonts/Pretendard-SemiBold.ttf"},{"weight":500,"asset":"assets/fonts/Pretendard-Medium.ttf"},{"weight":400,"asset":"assets/fonts/Pretendard-Regular.ttf"},{"weight":300,"asset":"assets/fonts/Pretendard-Light.ttf"},{"weight":200,"asset":"assets/fonts/Pretendard-ExtraLight.ttf"},{"weight":100,"asset":"assets/fonts/Pretendard-Thin.ttf"}]},{"family":"CustomIcons","fonts":[{"asset":"assets/fonts/CustomIcons.ttf"}]},{"family":"packages/gpt_markdown/JetBrainsMono","fonts":[{"asset":"packages/gpt_markdown/lib/fonts/JetBrainsMono-Regular.ttf"}]},{"family":"packages/flutter_math_fork/KaTeX_Main","fonts":[{"asset":"packages/flutter_math_fork/lib/katex_fonts/fonts/KaTeX_Main-Regular.ttf"},{"style":"italic","asset":"packages/flutter_math_fork/lib/katex_fonts/fonts/KaTeX_Main-Italic.ttf"},{"weight":700,"asset":"packages/flutter_math_fork/lib/katex_fonts/fonts/KaTeX_Main-Bold.ttf"},{"weight":700,"style":"italic","asset":"packages/flutter_math_fork/lib/katex_fonts/fonts/KaTeX_Main-BoldItalic.ttf"}]},{"family":"packages/flutter_math_fork/KaTeX_Math","fonts":[{"style":"italic","asset":"packages/flutter_math_fork/lib/katex_fonts/fonts/KaTeX_Math-Italic.ttf"},{"weight":700,"style":"italic","asset":"packages/flutter_math_fork/lib/katex_fonts/fonts/KaTeX_Math-BoldItalic.ttf"}]},{"family":"packages/flutter_math_fork/KaTeX_AMS","fonts":[{"asset":"packages/flutter_math_fork/lib/katex_fonts/fonts/KaTeX_AMS-Regular.ttf"}]},{"family":"packages/flutter_math_fork/KaTeX_Caligraphic","fonts":[{"asset":"packages/flutter_math_fork/lib/katex_fonts/fonts/KaTeX_Caligraphic-Regular.ttf"},{"weight":700,"asset":"packages/flutter_math_fork/lib/katex_fonts/fonts/KaTeX_Caligraphic-Bold.ttf"}]},{"family":"packages/flutter_math_fork/KaTeX_Fraktur","fonts":[{"asset":"packages/flutter_math_fork/lib/katex_fonts/fonts/KaTeX_Fraktur-Regular.ttf"},{"weight":700,"asset":"packages/flutter_math_fork/lib/katex_fonts/fonts/KaTeX_Fraktur-Bold.ttf"}]},{"family":"packages/flutter_math_fork/KaTeX_SansSerif","fonts":[{"asset":"packages/flutter_math_fork/lib/katex_fonts/fonts/KaTeX_SansSerif-Regular.ttf"},{"weight":700,"asset":"packages/flutter_math_fork/lib/katex_fonts/fonts/KaTeX_SansSerif-Bold.ttf"},{"style":"italic","asset":"packages/flutter_math_fork/lib/katex_fonts/fonts/KaTeX_SansSerif-Italic.ttf"}]},{"family":"packages/flutter_math_fork/KaTeX_Script","fonts":[{"asset":"packages/flutter_math_fork/lib/katex_fonts/fonts/KaTeX_Script-Regular.ttf"}]},{"family":"packages/flutter_math_fork/KaTeX_Typewriter","fonts":[{"asset":"packages/flutter_math_fork/lib/katex_fonts/fonts/KaTeX_Typewriter-Regular.ttf"}]},{"family":"packages/flutter_math_fork/KaTeX_Size1","fonts":[{"asset":"packages/flutter_math_fork/lib/katex_fonts/fonts/KaTeX_Size1-Regular.ttf"}]},{"family":"packages/flutter_math_fork/KaTeX_Size2","fonts":[{"asset":"packages/flutter_math_fork/lib/katex_fonts/fonts/KaTeX_Size2-Regular.ttf"}]},{"family":"packages/flutter_math_fork/KaTeX_Size3","fonts":[{"asset":"packages/flutter_math_fork/lib/katex_fonts/fonts/KaTeX_Size3-Regular.ttf"}]},{"family":"packages/flutter_math_fork/KaTeX_Size4","fonts":[{"asset":"packages/flutter_math_fork/lib/katex_fonts/fonts/KaTeX_Size4-Regular.ttf"}]},{"family":"packages/font_awesome_flutter/FontAwesomeBrands","fonts":[{"weight":400,"asset":"packages/font_awesome_flutter/lib/fonts/Font-Awesome-7-Brands-Regular-400.otf"}]},{"family":"packages/font_awesome_flutter/FontAwesomeRegular","fonts":[{"weight":400,"asset":"packages/font_awesome_flutter/lib/fonts/Font-Awesome-7-Free-Regular-400.otf"}]},{"family":"packages/font_awesome_flutter/FontAwesomeSolid","fonts":[{"weight":900,"asset":"packages/font_awesome_flutter/lib/fonts/Font-Awesome-7-Free-Solid-900.otf"}]},{"family":"packages/cupertino_icons/CupertinoIcons","fonts":[{"asset":"packages/cupertino_icons/assets/CupertinoIcons.ttf"}]}]